model,ndcg@10
Naive ALS,0.06458552612542279
DR-Debiased ALS,0.0441943291979593
