{
  "loss": [
    3.914354372024536,
    3.913666534423828,
    3.912782573699951,
    3.9129641532897947,
    3.912466049194336,
    3.912594127655029,
    3.9123796939849855,
    3.9121955394744874,
    3.9122735977172853,
    3.9120965003967285,
    3.91205415725708,
    3.912178564071655,
    3.9121209144592286,
    3.9120367050170897,
    3.9120599746704103,
    3.9119855880737306,
    3.9120482444763183,
    3.912022113800049,
    3.9120019912719726,
    3.9119136333465576,
    3.9119734287261965,
    3.912021827697754,
    3.9119123458862304,
    3.911883544921875,
    3.911913251876831,
    3.9120261669158936,
    3.9119693279266357,
    3.911913347244263,
    3.911900043487549,
    3.9119157791137695,
    3.911819887161255,
    3.911861753463745,
    3.911869525909424,
    3.9119112491607666,
    3.911809873580933,
    3.9118911743164064,
    3.9118733406066895,
    3.9118417739868163,
    3.91181640625,
    3.9118369102478026,
    3.91184606552124,
    3.911931943893433,
    3.911832094192505,
    3.9118854999542236,
    3.911940002441406,
    3.911791372299194,
    3.9118436336517335,
    3.9118340015411377,
    3.911824417114258,
    3.911803102493286,
    3.9118247509002684,
    3.911715936660767,
    3.9118127822875977,
    3.911840534210205,
    3.9119003772735597,
    3.9118735790252686,
    3.911854314804077,
    3.9118196964263916,
    3.911798906326294,
    3.9118993282318115,
    3.9117802143096925,
    3.911810302734375,
    3.9117499351501466,
    3.9118059158325194,
    3.911802959442139,
    3.911814546585083,
    3.911744165420532,
    3.911824178695679,
    3.911856460571289,
    3.9117643356323244,
    3.9118082523345947,
    3.9118571281433105,
    3.911742067337036,
    3.911783313751221,
    3.9118207454681397,
    3.9117428779602053,
    3.9117480278015138,
    3.9118252277374266,
    3.911890077590942,
    3.9117956161499023,
    3.911819410324097,
    3.911793518066406,
    3.911770248413086,
    3.911774492263794,
    3.911843013763428,
    3.911768341064453,
    3.911805534362793,
    3.9117934703826904,
    3.911754512786865,
    3.911731719970703,
    3.9117621421813964,
    3.9118301391601564,
    3.91178617477417,
    3.9117283821105957,
    3.911702871322632,
    3.911741781234741,
    3.911767339706421,
    3.911742925643921,
    3.9117791175842287,
    3.9117697715759276
  ],
  "ndcg@5": [
    0.8450652062831893,
    0.845608243900832,
    0.8786351911966367,
    0.8916507552269085,
    0.8964330741265945,
    0.9057338837504277,
    0.911527858549691,
    0.912650367724795,
    0.9081362546447542,
    0.916396348401269,
    0.9159991656138317,
    0.9274611172529459,
    0.9347178918881752,
    0.9497205632396455,
    0.9473459947175508,
    0.94442794357793,
    0.941024344419015,
    0.9462583760535173,
    0.95127855021993,
    0.9484727070991827,
    0.9452679053193433,
    0.9444200171627806,
    0.9486546807774339,
    0.9533380490231768,
    0.9533380490231768,
    0.9533380490231768,
    0.9484487225474668,
    0.950930979033713,
    0.9484930261464548,
    0.9450502518811884,
    0.9473721005877698,
    0.9473721005877696,
    0.9499877293739581,
    0.9499877293739581,
    0.9499877293739581,
    0.9512737434151488,
    0.9512737434151488,
    0.9489943886974977,
    0.9489943886974977,
    0.9447325196354438,
    0.9505464779259325,
    0.9552587478855449,
    0.956107218111994,
    0.956107218111994,
    0.956107218111994,
    0.956107218111994,
    0.9542377839135436,
    0.9568374324468044,
    0.9542199529653003,
    0.9519986057031904,
    0.9517819750906831,
    0.9548914547473235,
    0.9518619278842326,
    0.9525646856289294,
    0.9557129887532689,
    0.9545988766209593,
    0.9559541702693728,
    0.9566844642232495,
    0.9566844642232495,
    0.9566844642232495,
    0.9565536165325467,
    0.9569135743098993,
    0.9569135743098993,
    0.9537652711855598,
    0.9537652711855598,
    0.9559696350490988,
    0.9559696350490985,
    0.9590598557581298,
    0.9590598557581298,
    0.9590598557581298,
    0.95905985575813,
    0.957029847845871,
    0.9596930661590936,
    0.9651186352068267,
    0.9699945293568358,
    0.9700588133487557,
    0.9700588133487557,
    0.9669685926397245,
    0.9669043086478046,
    0.9642410903345822,
    0.96484801164335,
    0.9648480116433502,
    0.9648480116433502,
    0.9648480116433502,
    0.9669942930915809,
    0.962455416893604,
    0.962455416893604,
    0.9625197008855236,
    0.9629658206976967,
    0.9656290390109193,
    0.9656290390109193,
    0.9656290390109193,
    0.9656290390109193,
    0.9629658206976967,
    0.9629658206976967,
    0.9629658206976968,
    0.9629658206976968,
    0.9629658206976967,
    0.9629015367057769,
    0.968625319012349
  ],
  "ndcg@10": [
    0.8716987267909866,
    0.8748365023291855,
    0.8927149362136259,
    0.9098949664466888,
    0.9163547182203489,
    0.9181335131714506,
    0.9251781833378574,
    0.9203542671425096,
    0.9285361356806394,
    0.9278911792408016,
    0.9269721088217702,
    0.9339871981866354,
    0.9383932511947666,
    0.950409896407427,
    0.9479685417805397,
    0.9490047637664777,
    0.9479844483908787,
    0.9497690907516534,
    0.9481196011098696,
    0.9514034383317116,
    0.9466979301383031,
    0.947382491845231,
    0.9475278695213951,
    0.9521592566780782,
    0.952097635666249,
    0.9529870464772984,
    0.9521313237745584,
    0.9524312283875854,
    0.9509777555042941,
    0.951470766095491,
    0.951476228357327,
    0.9517207697593311,
    0.9507242582054168,
    0.9506383361485632,
    0.9499991375758047,
    0.9500664973989709,
    0.9500908907475129,
    0.9501126538070267,
    0.9504715289663265,
    0.9478823163478014,
    0.9489135291872367,
    0.9536717953995156,
    0.955408841076237,
    0.9555772383090817,
    0.9566702993412186,
    0.9565284270912853,
    0.955365203400323,
    0.9555019707956285,
    0.9549490693209425,
    0.9551888796815667,
    0.9552391672283866,
    0.9567600957810576,
    0.9556943531967026,
    0.955026691959592,
    0.9567798555304844,
    0.956617459711303,
    0.9559220708278218,
    0.957287608902511,
    0.9588144400819564,
    0.9564096658588804,
    0.9575012340387999,
    0.9575842277857411,
    0.9575614760129503,
    0.9563978268123879,
    0.9563978268123879,
    0.9574909901947839,
    0.9592189104469823,
    0.9572758028287357,
    0.9573169211747317,
    0.9571809403387196,
    0.9571809403387196,
    0.9587535281084474,
    0.9609712923984647,
    0.9612572791586989,
    0.9619554986587694,
    0.9619983676066444,
    0.9612605497066188,
    0.959125633618951,
    0.960933212670945,
    0.9607937165932308,
    0.9586012169170719,
    0.9593390348170974,
    0.9593390348170974,
    0.9593390348170974,
    0.9595425725042283,
    0.9603799651809591,
    0.9603522909183051,
    0.9607417441500209,
    0.961188526040907,
    0.9614560360590163,
    0.9614560360590163,
    0.9603396189172274,
    0.9605032740158934,
    0.9602357639977841,
    0.9602357639977839,
    0.9600721088991179,
    0.9600721088991179,
    0.9600721088991178,
    0.9581142710225923,
    0.9585716322477023
  ]
}