{
  "loss": [
    3.917157506942749,
    3.914796543121338,
    3.9145281314849854,
    3.9129892349243165,
    3.912895393371582,
    3.912733459472656,
    3.912518310546875,
    3.9123244285583496,
    3.912061643600464,
    3.91217041015625,
    3.911948013305664,
    3.911938428878784,
    3.912027597427368,
    3.9118689060211183,
    3.911557674407959,
    3.9115545749664307,
    3.911575937271118,
    3.911444664001465,
    3.9114428520202638,
    3.911457633972168,
    3.9112947463989256,
    3.91141037940979,
    3.911476230621338,
    3.91137809753418,
    3.911210536956787,
    3.9112829208374023,
    3.9112653732299805,
    3.911286640167236,
    3.9111608982086183,
    3.9112102508544924,
    3.911255884170532,
    3.9113009452819822,
    3.911212158203125,
    3.911137342453003,
    3.911222553253174,
    3.911197233200073,
    3.9111630439758303,
    3.911161422729492,
    3.911107587814331,
    3.9111565589904784,
    3.9110507488250734,
    3.9111594676971437,
    3.911047124862671,
    3.911088752746582,
    3.911106538772583,
    3.9110809803009032,
    3.9111599922180176,
    3.910936164855957,
    3.9111490726470945,
    3.911008024215698,
    3.911044692993164,
    3.911080503463745,
    3.910991668701172,
    3.9110554218292237,
    3.911047601699829,
    3.91096978187561,
    3.9110530853271483,
    3.9109912872314454,
    3.9109895706176756,
    3.9109484195709228,
    3.910997772216797,
    3.9109540939331056,
    3.9110129356384276,
    3.9109212875366213,
    3.910941982269287,
    3.911057138442993,
    3.9110566139221192,
    3.9109611988067625,
    3.9110103130340574,
    3.9109444618225098,
    3.910986328125,
    3.9109371662139893,
    3.9109370708465576,
    3.910929298400879,
    3.9109421253204344,
    3.910951519012451,
    3.910885047912598,
    3.910932922363281,
    3.910867166519165,
    3.9108650207519533,
    3.9109752655029295,
    3.911015844345093,
    3.9109803199768067,
    3.9109449863433836,
    3.9109241008758544,
    3.910938787460327,
    3.9109119415283202,
    3.9109792709350586,
    3.9109193801879885,
    3.910950756072998,
    3.9108584403991697,
    3.910934495925903,
    3.9109869956970216,
    3.9109822273254395,
    3.9108956336975096,
    3.910906267166138,
    3.9108962535858156,
    3.910861682891846,
    3.9108934879302977,
    3.9110454082489015
  ],
  "ndcg@5": [
    0.9026947398214145,
    0.9114240313082596,
    0.9437960020848527,
    0.967980634908512,
    0.970883950104481,
    0.9664757339096758,
    0.9617423815927072,
    0.967914934154634,
    0.9655603271787487,
    0.9807434165300375,
    0.978737762772951,
    0.9857218457221304,
    0.9897722059224746,
    0.9852344493178318,
    0.9834128513068002,
    0.9872697630062512,
    0.9922335765294695,
    0.9959345171812556,
    0.9959931006067236,
    0.9941335283238644,
    0.993363189177553,
    0.9918306443554682,
    0.9913808394432879,
    0.9904281001215993,
    0.9904604776272604,
    0.990270200819355,
    0.991533951223345,
    0.9941818651042948,
    0.9941818651042948,
    0.9956479236885762,
    0.9957683017724639,
    0.9957993661949385,
    0.9957993661949385,
    0.9957993661949385,
    0.9953063650730615,
    0.9947348110658061,
    0.9957117060499916,
    0.9961565220823785,
    0.9959414579133534,
    0.9959414579133534,
    0.9959414579133534,
    0.9960553030925302,
    0.9960553030925302,
    0.9960403963748847,
    0.9960403963748847,
    0.9960403963748847,
    0.9960387636269312,
    0.996038763626931,
    0.995491853320635,
    0.9963501414885304,
    0.9967898262639752,
    0.9963501414885304,
    0.9959448005116002,
    0.9961921245579812,
    0.9958051566360169,
    0.9963460058672007,
    0.9959395545313662,
    0.9963265224533308,
    0.9963265224533308,
    0.9963265224533308,
    0.9963265224533308,
    0.9963265224533308,
    0.9959597072292456,
    0.9959597072292459,
    0.9959597072292456,
    0.9961621544837811,
    0.9961621544837811,
    0.9958071553241563,
    0.996125698707537,
    0.9961256987075368,
    0.996125698707537,
    0.9963136882062773,
    0.9959951448228969,
    0.9959951448228967,
    0.995782708256332,
    0.995782708256332,
    0.9959951448228967,
    0.9959951448228967,
    0.9964004857998269,
    0.9964004857998271,
    0.9964004857998271,
    0.9964004857998269,
    0.9964004857998271,
    0.9962124963010865,
    0.9958071553241563,
    0.9958071553241563,
    0.9958071553241563,
    0.9959951448228969,
    0.9959951448228967,
    0.9959951448228969,
    0.9959951448228969,
    0.9959951448228967,
    0.9959951448228969,
    0.9959951448228969,
    0.9962223433117033,
    0.9962223433117033,
    0.9962223433117033,
    0.9962223433117033,
    0.9961621544837811,
    0.9961621544837811
  ],
  "ndcg@10": [
    0.9089351071815173,
    0.9297393781259229,
    0.9489632874714383,
    0.9668351060249126,
    0.9720087006794902,
    0.9664837444821768,
    0.9649178634419426,
    0.9712981180953875,
    0.9756883384160681,
    0.9829793448488099,
    0.9841814043194198,
    0.9862197860409385,
    0.9903356871023631,
    0.9875638211210662,
    0.9878613670131546,
    0.9883404625925234,
    0.9918495580051028,
    0.9928825550911995,
    0.9931216142955108,
    0.9936251202251049,
    0.9937162541448593,
    0.9935070230025161,
    0.9937535527054695,
    0.9935911000913202,
    0.9942945044872612,
    0.993606718422037,
    0.9939336125959443,
    0.9936612965156009,
    0.9942876180295016,
    0.9960961889364672,
    0.9959001403037065,
    0.9965166961276399,
    0.9961929694288439,
    0.9970582703547335,
    0.9966889908471324,
    0.9969189651997598,
    0.9975757542349255,
    0.9978444649051104,
    0.9976153078244675,
    0.9975061073116113,
    0.9974028892419898,
    0.9969235866895474,
    0.9965535534115668,
    0.9965245923530522,
    0.9965426808361233,
    0.9965426808361233,
    0.9965416113969038,
    0.9965450622265808,
    0.9968459178682563,
    0.9978963161093128,
    0.9980880403547217,
    0.9980317442166065,
    0.997145224629844,
    0.9972173669554183,
    0.996813691563743,
    0.9968640354803903,
    0.9973675027429076,
    0.9967803178108479,
    0.9966880431346106,
    0.9967061463053998,
    0.9967600317452913,
    0.9967139867815493,
    0.9966530910181455,
    0.9966726655468221,
    0.9972046856808753,
    0.9972151900871754,
    0.9972091435547664,
    0.9979233646909357,
    0.9979507223211105,
    0.9978592415493166,
    0.9976619426345691,
    0.9977712915380084,
    0.9979842400697307,
    0.9979909029261022,
    0.9977931812758495,
    0.9978606425483708,
    0.9980225477359064,
    0.9980123616613721,
    0.9983078900457756,
    0.9979765236759226,
    0.9978028170976012,
    0.9979912741128372,
    0.9982556643265348,
    0.99820840160945,
    0.9979410072855996,
    0.9979082779275471,
    0.9979051228820239,
    0.9980083616554666,
    0.9980301354889163,
    0.9980682907700272,
    0.9980773403569183,
    0.9980773403569183,
    0.9980190036336165,
    0.9982183704273092,
    0.9980983059958641,
    0.9974680539229572,
    0.9974680539229572,
    0.9974680539229572,
    0.9974286536866644,
    0.9975021614915948
  ]
}